nome;lat;lng;tipo
Internacional Shopping;-23.488.315;-46.548.983;azul
Shopping Maia;-23.443.433;-46.539.955;azul
Shopping Anália Franco;-2.356.146;-4.656.016;azul
Shopping Mooca Plaza;-2.357.974;-46.594.246;azul
Shopping Eldorado;-23.572.646;-46.695.819;azul
Shopping Metrô Tucuruvi;-23.479.626;-46.602.396;azul
Shopping Cidade São Paulo;-23.563.962;-46.652.905;azul
Shopping Iguatemi;-23.577.199;-46.688.048;azul
Shopping JK Iguatemi;-23.591.364;-46.689.766;azul
Shopping SP Market | Com carrinho: das 22h às 11h. todos os dias | Em mãos: das 16h às 18h. de segunda a sexta-feira. | Em mãos: das 16h às 17h. aos finais de semana e feriados;-23.678.487;-46.699.169;azul
Shopping Boulevard Tatuapé;-23.538.999;-46.576.336;azul
Shopping Metrô Tatuapé;-23.541.689;-46.577.046;azul
Shopping Center 3;-23.558.211;-46.658.685;azul
Shopping Frei Caneca;-2.355.418;-46.652.404;azul
Shopping Pátio Paulista;-2.357.077;-46.643.185;azul
Santana Parque Shopping;-23.482.817;-46.644.765;azul
Shopping Villa Lobos;-23.551.082;-46.722.143;azul
Shopping Vila Olímpia;-23.595.494;-46.686.731;azul
Shopping D;-23.521.589;-46.623.797;azul
Shopping Ibirapuera;-23.610.193;-46.666.874;azul
Shopping Metrô Itaquera;-23.540.753;-46.470.533;azul
Shopping Parque da Cidade;-23.625.707;-46.705.693;azul
Shopping Light;-23.546.695;-46.638.584;azul
Shopping Mais Largo 13;-23.653.185;-46.710.213;azul
Shopping Morumbi;-23.623.417;-46.698.544;azul
Shopping Metrô Santa Cruz;-23.599.135;-4.663.721;azul
Shopping West Plaza;-23.527.429;-46.674.795;azul
Raposo Shopping;-23.588.071;-46.751.194;azul
Shopping Jardim Sul;-23.631.077;-46.735.916;azul
Shopping Tietê Plaza;-2.350.641;-46.718.114;azul
Shopping Cidade Jardim;-23.599.033;-4.669.757;azul
Shopping Center Norte;-23.515.812;-46.618.219;azul
Campo Limpo Shopping;-23.649.725;-46.757.518;azul
Plaza Sul Shopping;-23.619.785;-46.626.847;azul
Shopping Pátio Higienópolis;-23.542.124;-46.657.393;azul
Shopping Aricanduva;-23.565.902;-46.503.075;azul
Shopping Interlagos;-23.676.287;-46.676.811;azul
Grand Plaza Shopping;-23.648.716;-4.653.192;azul
Shopping ABC;-23.667.739;-46.533.405;azul
Atrium Shopping;-2.366.366;-46.507.441;azul
Shopping Metrópole;-23.692.691;-46.550.326;azul
Golden Square Shopping;-23.683.628;-46.557.174;azul
São Bernardo Plaza Shopping;-23.723.153;-46.543.081;azul
ParkShopping São Caetano;-236.252.417.482.972;-465.793.371.258.485;azul
Shopping Praça da Moça;-23.691.476;-46.623.373;azul
Mauá Plaza Shopping;-23.664.167;-46.460.864;azul
Center Vale Shopping;-23.199.942;-45.881.328;azul
Vale Sul Shopping;-23.217.275;-45.891.329;azul
Colinas Shopping;-23.204.297;-45.908.647;azul
Taubaté Shopping;-23.023.564;-4.558.175;azul
Praiamar Shopping;-2.397.783;-46.308.711;azul
Shopping Parque Balneário;-23.968.946;-46.332.338;azul
Litoral Plaza Shopping;-23.997.776;-464.066;azul
Brisamar Shopping;-23.968.004;-46.383.924;azul
Serramar Shopping;-23.654.187;-45.437.064;azul
Caraguá Praia Shopping;-23.623.825;-45.410.717;azul
Shopping Porto Itaguá;-2.345.103;-45.066.152;azul
Mogi Shopping;-23.515.775;-46.179.687;azul
Patteo Urupema Shopping;-2.352.537;-46.199.418;azul
Suzano Shopping;-23.542.863;-46.318.485;azul
Itaquá Park Shopping;-23.475.434;-46.326.332;azul
Outlet Premium Grande São Paulo;-23.433.228;-46.272.284;azul
Shopping Bonsucesso;-23.434.073;-46.403.788;azul
Top Shop Caçapava;-2.310.629;-4.570.764;azul
Pier Mall Caçapava;-23.103.555;-45.685.161;azul
Aspen Mall;-22.718.788;-45.567.637;azul
Shopping Center Capivari;-22.718.989;-45.566.286;azul
Boulevard Genève;-22.718.833;-45.566.991;azul
Shopping Cadij;-22.720.191;-45.568.637;azul
Shopping Relógio;-22.719.995;-4.556.816;azul
Buriti Shopping Guará;-22.812.314;-45.197.495;azul
Shopping La Plage;-23.999.111;-46.260.529;azul
Shopping Center Lapa;-23.521.167;-4.670.079;azul
Shopping Penha;-23.525.178;-46.546.752;azul
Aeroporto Cumbica;-23.437.859;-46.480.556;azul
Aeroporto Congonhas - Bola Show;-23.627.415;-46.655.561;azul
Shopping Morumbi Town;-2.363.166;-46.737.563;azul
Andorinha Hiper Center;-23.484.327;-46.642.067;azul
Butantã Shopping;-23.584.136;-46.725.045;azul
Shopping Market Place;-23.621.504;-46.699.919;azul
Central Plaza Shopping;-23.591.676;-46.586.268;azul
Galeria Pagé;-235.267.627.420.554;-466.191.449.625.898;azul
Top Center Shopping;-235.652.469.928.947;-466.505.188.767.186;azul
São Bernardo Plaza Shopping;-237.230.135.650.532;-465.431.131.804.202;azul
Galeria do Rock;-235.438.238.118.077;-466.388.192.004.924;azul
5Fs Comercio De Calçados Ltda;-23.555.562;-46.600.525;verde
A Elite De S Bernardo M E Bij Ltda;-23.714.396;-46.549.258;verde
A2k Calcados E Confeccoes Ltda;-23.494.792;-46.571.233;verde
Ab 4 Magazine E Calc Eireli Epp;-23.510.098;-46.366.622;verde
Ae Comercio De Artigos Esportivos L;-23.561.454;-46.557.878;verde
Ae Comercio De Artigos Esportivos L;-2.351.317;-46.653.599;verde
Ae Comercio De Artigos Esportivos L;-23.606.002;-46.668.901;verde
Ae Comercio De Artigos Esportivos L;-23.602.588;-46.673.184;verde
Ae Comercio De Artigos Esportivos L;-23.562.083;-46.659.592;verde
AE COMERCIO DE ARTIGOS ESPORTIVOS LTDA;-23.559.954;-46.695.656;verde
Alessandra Rodrigues Calc Me;-23.469.597;-46.694.237;verde
Alexandre G Rodrigues Calc Epp;-23.500.527;-4.662.577;verde
Alonso S Special Calcados Ltda Me;-23.562.686;-46.554.556;verde
America Calcados E Acessorios Ltda;-23.469.698;-46.527.177;verde
America Calcados E Acessorios Ltda;-23.503.103;-46.625.295;verde
Ana Paula Viana Art Do Vest Me;-23.488.278;-46.574.466;verde
Anderson Gomes Dos S Calcados Epp;-23.637.298;-46.768.485;verde
Arena Comercio De Vestuario Ltda;-2.354.588;-46.471.883;verde
B M III Comercio De Calcados Ltda;-23.756.209;-46.708.301;verde
Backyard Escritorios Colaborativos;-23.550.652;-46.691.231;verde
Best Fit Comercio De Roupas Ltda Me;-23.554.106;-46.649.504;verde
Biza Com Art Esportivos Lt Me;-23.494.074;-46.646.492;verde
C A Freitas Pontes Cia Ltda;-23.984.368;-46.301.694;verde
Cajueiro Comercio De Calcados Ltda;-23.599.646;-46.600.576;verde
Calcados Casa Eurico Ltda;-23.605.932;-46.663.787;verde
Calcados Gabriella Guarulhos Ltda;-23.470.125;-46.529.441;verde
Calcados Gabriella Lapa Ltda - Epp;-23.523.296;-46.705.745;verde
Calcados Sergio De Itapevi Ltda;-23.622.205;-46.759.485;verde
Calcados Thigamar Penha Ltda;-23.526.186;-46.549.696;verde
Calcados Trevizan Ltda Me;-23.596.549;-46.523.449;verde
City Perus Com De Cal Ltda Epp;-23.406.978;-46.756.115;verde
Cl Calcados Ltda Epp;-23.565.167;-46.666.551;verde
Claudio Rodrigues - Comercio De Cal;-23.503.034;-46.625.726;verde
Comercial Nickys De Art Esp Ltda;-23.503.034;-46.625.726;verde
Comercial Tale Attire Couture Ltda;-23.516.596;-466.241;verde
Working Title Comercial Ltda;-23.561.977;-46.667.829;verde
Smx Magazine Ltda Me;-2.359.756;-46.453.481;verde
Overboard Artigos Esp Ltda Epp;-23.492.291;-46.442.865;verde
Magazine Mundial Ltda;-23.492.126;-46.443.055;verde
Shoebiz Comercio De Calcados Ltda;-23.491.991;-46.443.178;verde
Elza Pereira Duarte;-23.562.175;-46.664.455;verde
L V Guimaraes Epp;-23.557.446;-46.659.495;verde
Mtz Sp Com De Mat Esp Ltda Me;-2.356.254;-46.664.945;verde
Fabio Luiz Bigonha Epp;-23.544.989;-46.436.619;verde
Pop Up G Com De Calc E Vest Eireli;-23.572.396;-466.431;verde
Theu Duda Art Esp Ltda Epp;-23.544.202;-46.520.672;verde
Entempo Artigos Esp Ltda Epp;-23.545.075;-46.639.965;verde
H 2 S 4 Confeccao E Calcados Ltda;-23.545.042;-46.640.019;verde
Idn Comercio De A Da Moda Ltda Epp;-235.587;-46.680.201;verde
Leandro Telent Me;-2.365.524;-46.528.075;verde
Edvaldo Pereira Santos;-23.661.394;-4.675.346;verde
Pro Esporte Com De Mat Esp Ltda Me;-23.468.406;-46.530.955;verde
Dkk Calcados E Confeccoes Ltda;-23.475.972;-4.635.273;verde
Comercio De Calc Di Gaspi Ii Ltda;-23.741.068;-46.707.395;verde
Emilia Akemi Hayashi;-23.521.871;-4.619.439;verde
Tremembe Calcados E Bolsas Ltda;-23.458.228;-46.602.441;verde
Ea9 Modas Comercio De Roupas Calcados Ltda;-23.539.591;-4.660.939;verde
Daniella Gasbarro Rapoporte Fernandes Epp | Gh Fernandes Comercio De Roupas | Rn Com Varej Roupas E Aces Eireli | Sneakers Ii Comercio Eireli;-23.529.101;-46.643.954;verde
Kb Sneakers Comercio De Roup E Calc | Rn Com Varej Roupas E Aces Eireli | Sneakers I Comercio Eireli | Vm Sneakers Comercio De Roupas E | Wa Sneakers Comercio De Roupas E;-23.529.853;-46.643.544;verde
Marcos Dias Da Mota;-23.693.193;-46.595.128;verde
Sidney De Farias Trevizan Calc Me;-23.552.043;-46.529.882;verde
Magazine Mundial Ltda;-2.365.457;-46.526.655;verde
Tenisstar Comercio De Calcados Ltda;-23.655.583;-46.527.033;verde
Vitor E Rafael Esp Magazine Ltda;-23.459.781;-46.602.576;verde
Jose Joaquim Da Fonseca Costa Me;-23.494.917;-46.401.294;verde
Magazine Mundial Ltda;-23.470.125;-46.529.441;verde
Danville Com De Cal Ltda Epp;-23.470.125;-46.529.441;verde
Taipas Show Calcados E Bolsas Ltda;-23.435.561;-46.728.449;verde
Jlr Calcados E Bolsas Ltda;-23.469.306;-46.677.028;verde
C A Freitas Pontes Cia Ltda;-23.469.306;-46.677.028;verde
Magazine Mundial Ltda;-23.548.327;-46.635.429;verde
☑️Agenda | H 2 S 4 Confeccao E Calcados Ltda;-2.351.948;-46.695.329;verde
☑️Agenda | H 2 S 4 Confeccao E Calcados Ltda;-23.518.323;-46.695.679;verde
☑️Agenda | H 2 S 4 Confeccao E Calcados Ltda;-23.519.119;-46.695.406;verde
Nbl Magazine E Calcados Eireli;-2.353.669;-46.404.201;verde
Tenisstar Comercio De Calcados Ltda;-23.470.125;-46.529.441;verde
Shoebiz Comercio De Calcados Ltda;-234.701;-46.529.329;verde
Comercio De Calc Di Gaspari Ii Ltda;-23.736.751;-46.693.856;verde
Comercio De Calc Di Gaspari Ii Ltda;-23.755.014;-46.675.722;verde
Kings Sneakers Eireli Epp | SISTER SNEAKERS COMERCIO ELETRONICO DE ROUPAS E CALCADOS LTDAKINGS SNEAKERS COMERCIO ELETRONICO EIRELI - EPP;-23.522.544;-46.644.922;verde
Tenisstar Comercio De Calcados Ltda;-23.526.613;-46.193.955;verde
Pura Onda Art Esp Eireli Epp;-23.499.783;-46.625.142;verde
Fabio Santos De Oliveira 2784017680;-23.733.097;-46.693.813;verde
FMS CALCADOS LTDAIURI RODRIGUES DE MOURA SILVA CALC;-22.733.649;-45.119.167;verde
Magazine Mundial Lt;-23.519.703;-46.704.081;verde
Tenisstar Comercio De Calcados Ltda;-23.520.735;-46.704.563;verde
Shoebiz Comercio De Calcados Ltda;-23.520.003;-46.703.936;verde
D T Shakruka Epp;-23.520.632;-46.704.483;verde
Over Lapa Art Esp Ltda;-23.521.662;-46.704.793;verde
Dr Cesar Calcados E Bolsas Ltda;-23.521.662;-46.704.793;verde
Limao Calcados E Bolsas Ltda Me;-23.503.534;-46.672.266;verde
Perus Calc E Bolsas Ltda;-2.340.686;-46.756.663;verde
☑️Agenda | Kallan Calcados Ltda;-23.609.956;-46.476.108;verde
Gaspari Com De Calc Ltda;-236.606.067.017.146;-467.674.861.521.621;verde
Dkk Calcados E Confeccoes Ltda;-23.539.924.978.956;-46.310.160.546.577;verde
Dib S Modas Ltda;-235.373.175.826.268;-463.094.597.465.771;verde
Esporte Bretao Artigos Esportivos L | Gh Artigos Esportivos Ltda Epp;-236.467.530.479.281;-467.290.943.591.286;verde
Taka Taka Calcados Ltda;-234.846.641.518.347;-466.915.936.114.955;verde
Marcelo Guerra Rodrigues Calcados;-23.473.729.858.427;-466.684.245.556.635;verde
Eurico Web Calcados Ltda Epp;-236.056.568.093.549;-466.636.693.439.753;verde
Shoebiz Comercio De Calcados Ltda;-236.583.746.958.177;-467.058.141.921.977;verde
Fast Shoes Calc E Art Esp Ltda;-236.583.746.958.177;-467.058.141.921.977;verde
Tenisstar Comercio De Calcados Ltda;-236.522.344.586.402;-467.059.692.826.493;verde
Lideranca Calcados E Bolsas Ltda;-235.403.139.179.036;-464.915.949.666.828;verde
Sirun Modas Ltda;-234.920.961.780.326;-46.444.885.575.461;verde
Leandro Aparecido Sousa De Freitas;-236.093.008.948.128;-46.453.317.422.745;verde
Tenisstar Comercio De Calcados Ltda;-237.083.580.967.324;-465.510.515.774.527;verde
Magazine Mundial Lt;-237.087.385.888.094;-465.507.941.042.436;verde
Shoebiz Comercio De Calcados Ltda;-237.095.788.944.062;-465.508.774.951.481;verde
A Elite De S Bernardo M E Bij Ltda;-237.103.895.610.102;-465.508.151.330.794;verde
Luiz Felipe De Souza Jorge Me;-234.967.375.845.902;-464.011.553.423.909;verde
Malas Ciac Ltda;-235.390.471.835.347;-466.160.233.829.115;verde
SPORT BRAS S B COMERCIO LTDA;-235.368.743.858.103;-466.164.920.878.479;verde
Son Bh Comercio Varejista Ltda;-235.186.699.067.654;-466.752.281.103.656;verde
Magazine Mundial Ltda;-239.656.084.722.002;-463.851.288.582.673;verde
Shoebiz Comercio De Calcados Ltda;-239.655.381.219.445;-463.845.901.285.524;verde
Ea9 Fashion Com De Roupas E Calcado;-235.989.110.180.399;-464.855.585.030.813;verde
Mag Stok Magazine E Calc Ltda Epp;-236.023.311.615.934;-464.823.782.228.994;verde
Waldenize De Oliveira Bigonha Epp;-236.108.418.264.228;-464.759.934.735.591;verde
Somos Comercio E Coworking Ltda;-235.645.476.059.834;-466.838.488.375.338;verde
Marechal Tito Calc E Bols Ltda Epp;-234.943.086.450.894;-464.380.424.653.163;verde
Jofan Com De Cal Roupas E Ac Ltda;-234.904.947.660.209;-465.743.119.061.023;verde
Magazine Mundial Ltda;-235.406.118.521.089;-466.158.770.465.769;verde
Pontal Calcados E Acessorios Ltda;-235.410.456.700.342;-466.162.929.863.175;verde
Poliana Beatriz Campanati Peixoto;-237.115.931.626.406;-465.493.213.042.435;verde
Darc Magazine E Calcados Eireli Epp;-235.915.879.386.572;-465.496.257.928.372;verde
Novavilar Calcados Lt Epp;-236.024.537.847.072;-465.276.179.169.766;verde
Cl Calcados Ltda Epp;-235.648.882.030.229;-466.664.518.148.091;verde
H 2 S 4 CONFECCAO E CALCADOS LTDA;-23.562.636.970.172;-466.695.871.120.923;verde
H 2 S 4 Confeccao E Calcados Ltda;-235.626.111.894.349;-466.695.947.373.803;verde
La De Alvarenga Me;-239.645.798.155.265;-463.205.839.497.935;verde
Leval Magazine E Calcados Ltda Epp;-235.355.715.373.036;-4.645.559.408.978;verde
Danilo Maltez Comercio De Roupas E;-235.278.008.194.103;-466.801.223.619.214;verde
Sociedade Esportiva Palmeiras;-235.280.443.673.803;-466.795.909.619.213;verde
H 2 S 4 Confeccao E Calcados Ltda;-23.527.619.560.392;-46.680.234.726.725;verde
Tenisstar Comercio De Calcados Ltda;-234.737.373.565.138;-466.674.594.359.883;verde
P P Calcados Ltda Me;-234.723.892.087.257;-466.671.813.998.247;verde
Fazane Calcados E Bolsas Ltda Me;-23.472.083.634.439;-466.670.516.349.388;verde
Shoemax Magazine Ltda Me;-234.909.548.478.777;-464.792.147.754.146;verde
Talie Ind Com Exp E Imp De Conf De Ltda;-235.340.005.733.222;-467.258.435.617.524;verde
Dib S Modas Ltda;-235.227.976.923.609;-465.475.015.016.653;verde
Juliana Naumes De Souza Me;-234.629.724.526.996;-466.528.031.588.274;verde
Gdlp Comercio De Calc E Vest E Aces;-235.288.204.582.063;-466.356.635.177.415;verde
Santos Futebol Clube;-239.509.188.516.506;-463.397.957.189.008;verde
Esporte Emocao Com De Mat E Lt Me;-234.970.449.173.823;-464.013.975.766.085;verde
Tenisstar Comercio De Calcados Ltda;-235.416.715.503.123;-466.146.466.728.253;verde
Sao Paulo Futebol Clube;-236.007.521.613.498;-46.719.996.488.903;verde
Smx Magazine Ltda Me;-235.967.251.804.363;-465.588.414.330.831;verde
Gaspari Iv Com De Calcados Ltda;-23.555.463.612.478;-466.010.799.195.923;verde
FLYTE COM CALCADOS LTDA;-235.229.658.065.347;-461.949.522.911.589;verde
J F Pereira Calcados Ltda;-238.010.384.418.988;-454.020.604.046.455;verde
Vida Calcados E Bolsas Ltda Epp;-235.369.820.935.824;-464.547.611.582.229;verde
Maze Skate Shop Comercio De Roupas Ltda;-236.026.695.582.305;-466.340.411.942.674;verde
Street Point Modas Ltda Me;-238.827.994.506.749;-464.219.631.554.733;verde
Ea9 Fashion Com De Roupas E Calc Lt;-23.491.147.709.147;-464.436.459.693.323;verde
Guenatz Modas Ltda;-234.912.626.069.613;-464.439.383.889.068;verde
Stanch Artigos Esportivos Ltda Epp;-235.468.075.982.356;-466.358.261.195.925;verde
NIKE DO BRASIL COM PART LTDA;-234.332.361.854.584;-462.722.898.259.297;verde
Mmbf Com De Art Esp E Alim Ltda;-235.268.663.521.743;-465.655.111.743.962;verde
V E C Comercio De Calcados Ltda;-236.233.927.019.146;-465.936.682.401.339;verde
Fatima Ines Aires B De Freitas Epp;-235.961.065.158.561;-465.236.962.870.516;verde
Comercio De Calcados Di Gaspi Vii L;-237.121.144.883.734;-466.984.688.142.208;verde
Keep Running Comer De Prod Esport L;-235.922.079.721.957;-466.374.032.240.587;verde
Dib S Modas Ltda;-234.924.271.926.068;-464.405.706.619.224;verde
Jabuticabeira Comercio De Calcados;-234.922.395.294.659;-464.409.013.042.505;verde
Sao Miguel Calc Bolsas Ltda;-234.915.875.925.543;-464.408.756.709.843;verde
Tenisstar Comercio De Calcados Ltda;-231.826.648.660.817;-458.856.917.907.682;verde
Strema Sport Ltda;-235.983.113.481.164;-466.003.095.956.634;verde
Nrg Comercio De Calc Ltda;-235.779.857.268.545;-466.025.640.286.375;verde
Universidade Comercio De Calcados L;-235.660.074.277.293;-466.917.018.349.358;verde
Universidade Comercio De Calcados L;-235.660.961.959.505;-466.919.304.330.842;verde
Pontal Com De Calcados Ltda;-239.409.463.345.893;-463.048.720.146.129;verde
Id Liberdade Com. De Art. Da Moda L;-235.575.619.024.345;-46.636.306.259.493;verde
Guadalupe Comercio De Calcados E;-235.300.782.149.865;-466.344.881.649.064;verde
Heat Comercio De Calcados E Eventos;-235.298.856.173.651;-466.347.098.177.414;verde
Nair De Jesus Rodrigues Cal Eireli;-234.793.823.283.969;-46.608.265.488.749;verde
Magazine Mundial Ltda;-235.433.352.949.687;-465.749.886.979.573;verde
Nina Jaragua Calcados E Bolsas Ltda;-234.842.159.150.998;-467.554.777.177.428;verde
Idn Comercio De Artigos Da Moda Ltda Me;-235.435.167.088.082;-466.401.491.502.496;verde
Ze Da Shalako Calcados Eireli Epp;-236.381.768.150.408;-465.646.041.692.268;verde
Magazine Mundial Ltda;-235.015.235.199.935;-466.260.115.410.974;verde
J Union Conf E Com De Rop E Art Esp;-235.035.861.070.299;-466.262.114.509.996;verde
Vancouver Sports Calcados Ltda;-235.020.238.575.605;-466.263.904.042.501;verde
Pontal Calcados E Bolsas Ltda;-235.019.549.856.913;-46.626.422.590.758;verde
Shoebiz Comercio De Calcados Ltda;-235.002.765.996.616;-466.259.694.330.862;verde
Dkk Calcados E Confec Ltda;-235.414.449.046.699;-463.665.363.042.489;verde
SANMELL MOTOS LTDA;-239.919.811.352.359;-462.733.857.330.702;amarelo
Dp - Remaza Ipiranga;-235.729.173.071.434;-466.057.622.042.479;amarelo
M M UNIVERSO COM MOTOC PECAS LTDA;-232.255.273.014.797;-458.844.016.512.593;amarelo
JAPAUTO COMERCIO DE MOTOCICLETAS LT;-236.644.877.922.856;-464.534.513.772.606;amarelo
UNITED AUTO NAGOYA LTDA;-234.724.490.722.666;-465.232.990.492.262;amarelo
SANMELL MOTOS LTDA;-239.630.062.373.304;-463.805.039.285.528;amarelo
MOTO REMAZA DISTR VEICULOS E PECAS;-23.584.643.793.117;-467.403.420.442.586;amarelo
STR MOTOS LTDA;-23.567.261.987.255;-464.998.155.796.526;amarelo
UNITED AUTO NAGOYA COMERCIO DE VEICULOS;-23.567.631.399.594;-46.498.992.856.462;amarelo
HIURI COMERCIO DE MOTOS E SERVICOS;-236.666.457.939.767;-467.117.142.727.979;amarelo
ASCENDANT COMERCIO DE VEICULOS LTDA;-236.140.832.481.942;-466.953.079.600.668;amarelo
FABERGE DISTRIBUIDORA DE VEICULOS E PECAS LTDA;-235.272.549.724.085;-462.024.992.889.055;amarelo
JAPAUTO COMERCIO DE MOTOCICLETAS LT;-235.132.374.810.298;-466.538.892.637.734;amarelo
TOMIYUSHITSUKIMOTOME;-235.293.406.164.065;-466.584.927.491.476;amarelo
UNITED AUTO NAGOYA COM DE VEICULOS;-235.711.919.678.843;-466.989.365.515.261;amarelo
DAITAN COMERCIO DE VEICULOS LTDA;-235.239.165.098.693;-466.835.590.947.776;amarelo
HIURI COMERCIO DE MOTOS E SERVICOS LTDA;-235.359.514.529.507;-467.094.061.061.007;amarelo
TMT - DISTRIBUIDORA DE VEICULOS LTD;-230.243.339.529.171;-455.852.703.445.143;amarelo
TANI MOTORS DISTRIBUIDORA DE VEICULOS LTDA;-232.133.667.680.293;-458.919.138.591.955;amarelo
UNITED AUTO NAGOYA COM. DE VEICULOS;-235.861.170.930.783;-466.796.538.042.476;amarelo
Vanner Equipamentos Ltda;-237.333.952.995.247;-467.015.053.330.787;amarelo
JAPAUTO COMERCIO DE MOTOCICLETAS LT;-235.138.698.895.068;-465.853.460.574.874;amarelo
SP JAPAN MOTORS DIST.DE VEICS.LTDA;-235.678.165.667.124;-466.124.983.889.042;amarelo
ASCENDANT COMERCIO DE VEICULOS LTDA;-236.702.729.611.691;-467.028.380.503.508;amarelo
HIURI COMERCIO MOTOS E SERV LTDA;-236.575.455.808.129;-467.640.378.484.249;amarelo
SANMELL MOTOS LTDA;-239.742.217.645.201;-464.680.300.135.851;amarelo
STR MOTOS LTDA;-236.216.858.466.634;-467.588.425.258.901;amarelo
HIURI COMERCIO DE MOTOS E SERVICOS;-236.833.607.991.827;-467.690.380.772.601;amarelo
M M UNIVERSO COM DE MOTOC E PECAS L;-235.646.792.276.465;-465.898.461.023.965;amarelo
SANMELL MOTOS LTDA;-239.517.782.620.755;-463.288.722.603.773;amarelo
SANMELL MOTOS LTDA;-239.517.809.158.747;-463.291.988.117.775;amarelo
PLANETA MOTOS LTDA;-231.937.415.151.323;-45.890.978.619.604;amarelo
CMD AUTOMOVEIS LTDA;-23.536.422.883.852;-467.316.296.775.688;amarelo
GUARUMOTO VEICULOS LTDA;-234.624.372.051.861;-465.324.482.728.424;amarelo
M M UNIVERSO COM DE MOTOC PECAS LTD;-232.137.092.601.042;-459.012.318.017.322;amarelo
MOTO FIELD COM MOT.PEC SERV MAN MOT;-235.330.785.851.577;-462.094.647.349.369;amarelo
JAPAUTO COM DE MOTOCICLETAS LTDA;-234.941.668.541.092;-467.093.503.195.942;amarelo
MOTO REMAZA DISTR VEICULOS E PECAS;-235.012.541.844.882;-466.147.786.061.018;amarelo
SAMPA MOTORS LTDA;-235.023.414.316.953;-46.707.004.932.266;amarelo
UNITED AUTO NAGOYA COM DE VEICULOS;-236.127.862.237.509;-467.295.547.907.544;amarelo
MOTORODA COM DE MOTOCS E VEICULOS L;-236.165.961.039.409;-465.571.672.754.106;amarelo
Com De Moto Matsuo Lt;-235.221.075.590.905;-466.909.032.349.371;amarelo
JAPAUTO COMERCIO DE MOTOCICLETAS LT;-234.857.465.178.399;-465.430.389.907.585;amarelo
ABC MOTORS LTDA;-2.361.386.831.296;-465.776.687.934.843;amarelo
CMD AUTOMOVEIS LTDA HONDA FORTE;-235.181.088.262.889;-466.089.596.600.699;amarelo
DAITAN COMERCIO DE VEICULOS LTDA;-236.074.483.743.993;-466.655.127.907.547;amarelo
MOTO REMAZA DISTR VEICULOS E PECAS;-236.082.796.699.593;-466.672.465.465.748;amarelo
M M UNIVERSO COM DE MOTOC E PECAS;-2.303.669.028.172;-455.749.153.484.447;amarelo
JAPAUTO COMERCIO DE MOTOCICLETAS LT;-235.417.724.616.532;-464.584.980.735.611;amarelo
JAPAUTO COMERCIO DE MOTOCICLETAS LT;-236.154.243.351.879;-466.383.872.016.452;amarelo
DAITAN COMERCIO DE VEICULOS LTDA;-236.235.120.791.816;-466.401.786.285.479;amarelo
JAPAUTO COMERCIO DE MOTOCICLETAS LT;-236.451.910.480.166;-467.144.453.023.938;amarelo
CB MAR COMERCIO DE VEICULOS LTDA;-239.440.941.459.722;-463.292.923.465.639;amarelo
TMT - DISTRIBUIDORA DE VEICULOS LTD;-228.160.931.463.683;-452.013.616.303.385;amarelo
DEFAR COML LTDA EPP;-239.325.404.032.111;-463.364.796.424.321;amarelo
MOTO REMAZA DISTR VEICULOS E PECAS;-237.029.693.559.383;-465.516.965.330.796;amarelo
JAPAUTO COMERCIO DE MOTOCICLETAS LT;-234.849.282.173.558;-463.797.003.619.226;amarelo
MOTO REMAZA DISTR VEICULOS E PECAS;-235.964.980.253.361;-466.101.889.574.694;amarelo
SANMELL MOTOS LTDA;-23.894.277.129.632;-464.211.447.177.297;amarelo
HIURI COMERCIO DE MOTOS E SERVICOS;-234.434.765.707.949;-465.079.054.361.442;amarelo
COMSTAR VEICULOS LTDA;-235.664.283.325.419;-466.569.691.060.998;amarelo
TANI MOTORS DISTR DE VEICULOS LTDA;-236.123.256.978.577;-454.304.256.907.545;amarelo
SANMELL MOTOS LTDA;-240.042.531.614.235;-464.133.120.735.462;amarelo
M M UNIVERSO COM MOTOC PECAS LTDA;-236.850.095.258.031;-466.269.917.754.082;amarelo
CB MAR COMERCIO DE VEICULOS LTDA;-240.118.333.689.228;-464.414.295.637.573;amarelo
UNITED AUTO NAGOYA LTDA;-236.631.722.544.159;-465.306.903.916.074;amarelo
SP JAPAN MOTORS DISTRIB. DE VEIC. L;-235.886.746.995.066;-466.204.502.600.677;amarelo
M M UNIVERSO COM DE MOTOC E PECAS L;-235.834.907.630.023;-465.841.467.776.868;amarelo
SP JAPAN MOTORS DISTRIBUIDORA DE VEICULOS LTDA;-23.545.485.202.778;-465.567.152.619.208;amarelo
MONTE LEONE COM MOTOS PECAS SERVS L;-236.528.910.630.492;-466.574.997.484.251;amarelo
DAIFORCE COM MAQUINAS MOTORES LTDA;-236.224.024.273.777;-465.364.641.463.983;amarelo
JAPAUTO COMERCIO DE MOTOCICLETAS LT;-236.653.721.000.809;-465.169.624.619.168;amarelo
LEVESA LESTE VEICULOS LTDA;-234.914.697.884.817;-464.476.691.889.067;amarelo
GUARUMOTO VEICULOS LTDA;-236.120.331.056.772;-464.781.253.060.985;amarelo
MOTO REMAZA DISTRIB VEICULOS E PECAS LT;-235.407.520.445.789;-465.751.739.619.208;amarelo
GOLDEN MOTOS LTDA;-229.725.661.744.905;-454.623.649.103.522;amarelo
SANMELL MOTOS LTDA;-239.340.760.339.866;-463.311.326.907.441;amarelo
FLORA MOTORS LTDA;-236.457.127.770.915;-466.746.370.330.815;amarelo
SPG ✅;-23.469.119;-46.478.465;vermelho
EVEREST COMERCIO DE VEICULOS S/A;-239.448.472.364.319;-463.255.830.619.077;laranja
Cmd Bd Comercio De Aut Eletricos Lt;-235.318.493.478.086;-4.673.572.406.561;laranja
Sinodealer Comercio De Veiculos Ltda;-235.529.424.763.095;-466.193.931.669.467;laranja
Original Xangai Comerc De Veiculos;-234.729.794.863.908;-465.239.452.121.417;laranja
Cmd Bd C D Automoveis Eletricos Ltd;-235.647.696.914.182;-465.011.312.258.259;laranja
Everest Comercio De Veiculos Sa;-239.449.929.582.849;-46.325.577.395.823;laranja
OTIMA NEGOCIOS LTDA;-236.546.720.455.535;-465.327.704.841.838;laranja
Cmd Bd C De Automoveis Eletricos Lt;-235.715.645.053.638;-466.743.196.195.917;laranja
Sinodealer Comercio De Veiculos Ltda;-236.708.821.859.954;-467.034.603.228.365;laranja
Original Xangai Comerc De Veiculos;-23.198.517.529.505;-458.783.320.763.745;laranja
R C Dreams Comercio De Veiculos Ltd;-23.614.815.151.747;-466.677.744.026.529;laranja
Caltex Pinheiros Veiculos Ltda;-235.706.465.817.296;-467.006.545.863.111;laranja
Cmd Bd Comercio De Aut Eletricos Lt;-235.318.896.468.797;-467.356.964.042.492;laranja
Hbw Motors Dist De Veiculos Ltda;-235.146.550.114.673;-466.973.105.504.475;laranja
Destaque Asia Dist De Veic E Pecas;-23.533.991.495.406;-462.134.247.556.313;laranja
Grand Bay C D Veiculos E Pecas Ltda;-236.014.807.568.984;-466.601.965.195.909;laranja
Caltex Morumbi Veiculos Ltda;-23.617.863.095.353;-467.030.537.019.141;laranja
Original Xangai Comerc De Veiculos;-235.307.694.185.537;-466.612.190.042.492;laranja
Otima Negocios Ltda;-236.872.904.024.668;-465.473.227.330.801;laranja
EVEREST COMERCIO DE VEICULOS S/A;-235.505.069.635.447;-465.674.354.889.049;laranja
Otima Negocios Ltda;-23.516.021.620.225;-466.090.582.201.235;laranja
Cmd Bd C D Automoveis Eletricos Ltd;-235.159.979.964.848;-466.091.256.907.575;laranja
Cmd Bd Comercio De Automoveis Eletricos;-235.869.838.554.957;-466.716.894.061.115;laranja
Cmd Bd C D Automoveis Eletricos Ltd;-236.501.502.685.949;-466.779.588.600.657;laranja
ORIGINAL PROVENCE COMERCIO DE VEICU;-23.472.891.172.545;-465.220.784.914.365;roxo
GREEN VILLE COMERCIO DE VEICULOS S;-235.653.607.711.839;-46.500.440.332.261;roxo
SAVOL MERCI VEICULOS LTDA;-236.613.593.335.855;-4.652.057.445.727;roxo
GPF MOTORS COMERCIO DE VEICULOS LTD;-235.707.073.300.936;-467.203.799.679.177;roxo
OK - DISTRIBUIDORA DE VEICULOS E PE;-230.454.596.995.791;-455.832.681.196.085;roxo
AMAZONAS FORMIDABLE COMERCIO DE VEI;-234.890.141.126.683;-466.541.998.788.534;roxo
AMAZONAS FORMIDABLE COMERCIO DE VEI;-235.179.304.424.868;-466.095.618.608.424;roxo
SAINT-TROPEZ DISTRIBUIDORA DE VEICU;-239.363.418.352.235;-463.303.329.809.813;roxo
SAINT-TROPEZ DISTRIBUIDORA DE VEICU;-239.362.413.611.345;-463.299.948.166.006;roxo
Izi Veiculos E Pecas Ltda;-235.421.804.435.341;-465.477.943.143.148;roxo
Ok Distribuidora De Veic E Pecas Lt;-232.129.954.249.017;-458.916.341.456.894;roxo
GREEN VILLE COMERCIO DE VEICULOS;-236.166.899.133.588;-467.311.585.177.385;roxo
Savol Merci Veiculos Ltda;-236.161.795.054.345;-465.551.499.634.855;roxo
Amazonas Formidable Comercio De Veiculos;-236.595.273.722.922;-466.793.248.041.609;roxo
Ok Distribuidora De Veiculos E Pecas Ltda;-235.289.866.488.877;-462.020.617.206.116;roxo
IZI VEICULOS E PECAS LTDA;-236.165.818.644.177;-466.091.240.195.903;roxo
Destaque Lyon Distribuidora De Veiculos;-236.148.895.383.436;-454.308.271.395.308;roxo
Original Provence Comercio De Veiculos;-235.832.075.874.112;-465.757.002.502.791;roxo
SAMPA TRIANON VEICULOS LTDA;-235.233.311.864.397;-466.878.148.115.263;roxo
Pat Pauliceia Transmissoes Ltda;-235.128.129.522.057;-467.034.342.057.216;roxo
FRANCEDEALER COMERCIO DE VEICULOS L;-236.001.637.970.916;-466.473.960.655.549;roxo
OK - DISTRIBUIDORA DE VEICULOS;-235.292.212.882.852;-462.020.224.170.078;roxo
IZI VEICULOS E PECAS LTDA;-235.924.730.333.121;-46.621.634.868.424;roxo
Ok - Distribuidora De Veiculos E Pe;-23.497.863.609.506;-464.552.925.731.496;roxo
Savol Merci Veiculos Ltda;-236.746.721.542.582;-465.570.254.286.164;roxo
SAVOL MERCI VEICULOS LTDA;-236.621.514.570.555;-465.189.953.084.089;roxo
